hgdp_id,population_id,population_name,country_of_origin,geo_region_of_origin,genotyping_id,sex
794,20,Orcadian,OrkneyIslands,EUROPE,938,F
795,20,Orcadian,OrkneyIslands,EUROPE,939,M
796,20,Orcadian,OrkneyIslands,EUROPE,940,F
797,20,Orcadian,OrkneyIslands,EUROPE,941,F
798,20,Orcadian,OrkneyIslands,EUROPE,942,M
799,20,Orcadian,OrkneyIslands,EUROPE,943,F
800,20,Orcadian,OrkneyIslands,EUROPE,944,F
802,20,Orcadian,OrkneyIslands,EUROPE,946,F
804,20,Orcadian,OrkneyIslands,EUROPE,948,M
805,20,Orcadian,OrkneyIslands,EUROPE,949,F
806,20,Orcadian,OrkneyIslands,EUROPE,950,F
807,20,Orcadian,OrkneyIslands,EUROPE,951,M
808,20,Orcadian,OrkneyIslands,EUROPE,952,M
1381,21,Adygei,Russia-Caucasus,EUROPE,955,F
1382,21,Adygei,Russia-Caucasus,EUROPE,956,F
1385,21,Adygei,Russia-Caucasus,EUROPE,959,M
1386,21,Adygei,Russia-Caucasus,EUROPE,960,F
1387,21,Adygei,Russia-Caucasus,EUROPE,962,F
1388,21,Adygei,Russia-Caucasus,EUROPE,963,F
1396,21,Adygei,Russia-Caucasus,EUROPE,964,M
1397,21,Adygei,Russia-Caucasus,EUROPE,965,M
1398,21,Adygei,Russia-Caucasus,EUROPE,966,F
1399,21,Adygei,Russia-Caucasus,EUROPE,967,F
1400,21,Adygei,Russia-Caucasus,EUROPE,968,F
1401,21,Adygei,Russia-Caucasus,EUROPE,969,F
1402,21,Adygei,Russia-Caucasus,EUROPE,970,M
1403,21,Adygei,Russia-Caucasus,EUROPE,971,M
1404,21,Adygei,Russia-Caucasus,EUROPE,972,M
879,22,Russian,Russia,EUROPE,974,M
880,22,Russian,Russia,EUROPE,975,M
881,22,Russian,Russia,EUROPE,976,F
882,22,Russian,Russia,EUROPE,977,M
883,22,Russian,Russia,EUROPE,978,M
884,22,Russian,Russia,EUROPE,979,F
885,22,Russian,Russia,EUROPE,980,F
886,22,Russian,Russia,EUROPE,981,M
887,22,Russian,Russia,EUROPE,982,M
888,22,Russian,Russia,EUROPE,983,M
889,22,Russian,Russia,EUROPE,984,F
891,22,Russian,Russia,EUROPE,986,M
892,22,Russian,Russia,EUROPE,987,M
893,22,Russian,Russia,EUROPE,988,M
894,22,Russian,Russia,EUROPE,989,M
895,22,Russian,Russia,EUROPE,990,M
896,22,Russian,Russia,EUROPE,991,M
897,22,Russian,Russia,EUROPE,992,M
898,22,Russian,Russia,EUROPE,993,F
899,22,Russian,Russia,EUROPE,994,F
900,22,Russian,Russia,EUROPE,995,M
901,22,Russian,Russia,EUROPE,996,F
902,22,Russian,Russia,EUROPE,997,F
903,22,Russian,Russia,EUROPE,998,F
1357,24,Basque,France,EUROPE,861,M
1358,24,Basque,France,EUROPE,862,M
1359,24,Basque,France,EUROPE,863,M
1360,24,Basque,France,EUROPE,864,M
1361,24,Basque,France,EUROPE,866,M
1362,24,Basque,France,EUROPE,867,M
1363,24,Basque,France,EUROPE,868,F
1364,24,Basque,France,EUROPE,869,M
1365,24,Basque,France,EUROPE,870,F
1366,24,Basque,France,EUROPE,871,F
1367,24,Basque,France,EUROPE,872,F
1368,24,Basque,France,EUROPE,873,F
1369,24,Basque,France,EUROPE,874,F
1370,24,Basque,France,EUROPE,875,M
1371,24,Basque,France,EUROPE,876,M
1372,24,Basque,France,EUROPE,878,M
1373,24,Basque,France,EUROPE,879,F
1374,24,Basque,France,EUROPE,880,M
1375,24,Basque,France,EUROPE,881,M
1376,24,Basque,France,EUROPE,882,M
1377,24,Basque,France,EUROPE,883,M
1378,24,Basque,France,EUROPE,884,M
1379,24,Basque,France,EUROPE,885,M
1380,24,Basque,France,EUROPE,886,F
511,25,French,France,EUROPE,832,M
512,25,French,France,EUROPE,833,M
513,25,French,France,EUROPE,834,F
514,25,French,France,EUROPE,835,F
515,25,French,France,EUROPE,836,M
516,25,French,France,EUROPE,837,F
517,25,French,France,EUROPE,838,F
518,25,French,France,EUROPE,839,M
519,25,French,France,EUROPE,840,M
520,25,French,France,EUROPE,841,F
521,25,French,France,EUROPE,842,M
522,25,French,France,EUROPE,843,M
523,25,French,France,EUROPE,844,F
524,25,French,France,EUROPE,845,F
525,25,French,France,EUROPE,846,M
526,25,French,France,EUROPE,847,F
527,25,French,France,EUROPE,848,F
528,25,French,France,EUROPE,849,M
529,25,French,France,EUROPE,850,F
530,25,French,France,EUROPE,851,M
531,25,French,France,EUROPE,852,F
533,25,French,France,EUROPE,854,M
534,25,French,France,EUROPE,855,F
535,25,French,France,EUROPE,856,F
536,25,French,France,EUROPE,857,F
537,25,French,France,EUROPE,858,F
538,25,French,France,EUROPE,859,M
539,25,French,France,EUROPE,860,F
1147,27,Italian,Italy-Bergamo,EUROPE,916,M
1149,27,Italian,Italy-Bergamo,EUROPE,917,M
1151,27,Italian,Italy-Bergamo,EUROPE,918,M
1152,27,Italian,Italy-Bergamo,EUROPE,919,M
1155,27,Italian,Italy-Bergamo,EUROPE,922,M
1156,27,Italian,Italy-Bergamo,EUROPE,923,F
1157,27,Italian,Italy-Bergamo,EUROPE,924,F
1171,27,Italian,Italy-Bergamo,EUROPE,925,F
1172,27,Italian,Italy-Bergamo,EUROPE,926,F
1173,27,Italian,Italy-Bergamo,EUROPE,927,M
1174,27,Italian,Italy-Bergamo,EUROPE,928,M
1177,27,Italian,Italy-Bergamo,EUROPE,929,F
665,28,Sardinian,Italy,EUROPE,888,M
666,28,Sardinian,Italy,EUROPE,889,M
667,28,Sardinian,Italy,EUROPE,890,F
668,28,Sardinian,Italy,EUROPE,891,M
669,28,Sardinian,Italy,EUROPE,892,F
670,28,Sardinian,Italy,EUROPE,893,M
671,28,Sardinian,Italy,EUROPE,894,M
672,28,Sardinian,Italy,EUROPE,895,F
673,28,Sardinian,Italy,EUROPE,896,F
674,28,Sardinian,Italy,EUROPE,897,M
1062,28,Sardinian,Italy,EUROPE,898,F
1064,28,Sardinian,Italy,EUROPE,900,F
1065,28,Sardinian,Italy,EUROPE,901,F
1066,28,Sardinian,Italy,EUROPE,902,M
1067,28,Sardinian,Italy,EUROPE,903,M
1068,28,Sardinian,Italy,EUROPE,904,F
1069,28,Sardinian,Italy,EUROPE,905,M
1070,28,Sardinian,Italy,EUROPE,906,F
1071,28,Sardinian,Italy,EUROPE,907,M
1072,28,Sardinian,Italy,EUROPE,908,F
1073,28,Sardinian,Italy,EUROPE,909,M
1074,28,Sardinian,Italy,EUROPE,910,F
1075,28,Sardinian,Italy,EUROPE,911,M
1076,28,Sardinian,Italy,EUROPE,912,M
1077,28,Sardinian,Italy,EUROPE,913,M
1078,28,Sardinian,Italy,EUROPE,914,F
1079,28,Sardinian,Italy,EUROPE,915,M
1161,29,Tuscan,Italy,EUROPE,930,M
1162,29,Tuscan,Italy,EUROPE,931,M
1163,29,Tuscan,Italy,EUROPE,932,M
1164,29,Tuscan,Italy,EUROPE,933,M
1166,29,Tuscan,Italy,EUROPE,934,M
1169,29,Tuscan,Italy,EUROPE,937,F
1253,34,Mozabite,Algeria-Mzab,MIDDLE_EAST,136,M
1254,34,Mozabite,Algeria-Mzab,MIDDLE_EAST,137,F
1255,34,Mozabite,Algeria-Mzab,MIDDLE_EAST,138,M
1256,34,Mozabite,Algeria-Mzab,MIDDLE_EAST,139,M
1257,34,Mozabite,Algeria-Mzab,MIDDLE_EAST,140,M
1258,34,Mozabite,Algeria-Mzab,MIDDLE_EAST,141,M
1259,34,Mozabite,Algeria-Mzab,MIDDLE_EAST,142,M
1260,34,Mozabite,Algeria-Mzab,MIDDLE_EAST,143,M
1261,34,Mozabite,Algeria-Mzab,MIDDLE_EAST,144,M
1262,34,Mozabite,Algeria-Mzab,MIDDLE_EAST,145,M
1263,34,Mozabite,Algeria-Mzab,MIDDLE_EAST,146,M
1264,34,Mozabite,Algeria-Mzab,MIDDLE_EAST,147,M
1265,34,Mozabite,Algeria-Mzab,MIDDLE_EAST,148,M
1266,34,Mozabite,Algeria-Mzab,MIDDLE_EAST,149,M
1267,34,Mozabite,Algeria-Mzab,MIDDLE_EAST,150,F
1268,34,Mozabite,Algeria-Mzab,MIDDLE_EAST,151,M
1269,34,Mozabite,Algeria-Mzab,MIDDLE_EAST,152,M
1270,34,Mozabite,Algeria-Mzab,MIDDLE_EAST,153,F
1271,34,Mozabite,Algeria-Mzab,MIDDLE_EAST,154,M
1272,34,Mozabite,Algeria-Mzab,MIDDLE_EAST,155,M
1273,34,Mozabite,Algeria-Mzab,MIDDLE_EAST,156,F
1275,34,Mozabite,Algeria-Mzab,MIDDLE_EAST,158,F
1276,34,Mozabite,Algeria-Mzab,MIDDLE_EAST,159,F
1277,34,Mozabite,Algeria-Mzab,MIDDLE_EAST,160,F
1278,34,Mozabite,Algeria-Mzab,MIDDLE_EAST,161,M
1279,34,Mozabite,Algeria-Mzab,MIDDLE_EAST,162,M
1280,34,Mozabite,Algeria-Mzab,MIDDLE_EAST,163,F
1282,34,Mozabite,Algeria-Mzab,MIDDLE_EAST,165,M
607,36,Bedouin,Israel-Negev,MIDDLE_EAST,166,F
608,36,Bedouin,Israel-Negev,MIDDLE_EAST,167,M
609,36,Bedouin,Israel-Negev,MIDDLE_EAST,168,M
610,36,Bedouin,Israel-Negev,MIDDLE_EAST,169,M
612,36,Bedouin,Israel-Negev,MIDDLE_EAST,171,F
613,36,Bedouin,Israel-Negev,MIDDLE_EAST,172,F
614,36,Bedouin,Israel-Negev,MIDDLE_EAST,173,F
615,36,Bedouin,Israel-Negev,MIDDLE_EAST,174,F
616,36,Bedouin,Israel-Negev,MIDDLE_EAST,175,M
618,36,Bedouin,Israel-Negev,MIDDLE_EAST,177,M
619,36,Bedouin,Israel-Negev,MIDDLE_EAST,178,M
620,36,Bedouin,Israel-Negev,MIDDLE_EAST,179,M
621,36,Bedouin,Israel-Negev,MIDDLE_EAST,180,M
622,36,Bedouin,Israel-Negev,MIDDLE_EAST,181,M
623,36,Bedouin,Israel-Negev,MIDDLE_EAST,182,M
624,36,Bedouin,Israel-Negev,MIDDLE_EAST,183,M
625,36,Bedouin,Israel-Negev,MIDDLE_EAST,184,M
626,36,Bedouin,Israel-Negev,MIDDLE_EAST,185,M
627,36,Bedouin,Israel-Negev,MIDDLE_EAST,186,M
628,36,Bedouin,Israel-Negev,MIDDLE_EAST,187,M
629,36,Bedouin,Israel-Negev,MIDDLE_EAST,188,M
630,36,Bedouin,Israel-Negev,MIDDLE_EAST,189,M
631,36,Bedouin,Israel-Negev,MIDDLE_EAST,190,M
632,36,Bedouin,Israel-Negev,MIDDLE_EAST,191,F
634,36,Bedouin,Israel-Negev,MIDDLE_EAST,194,F
635,36,Bedouin,Israel-Negev,MIDDLE_EAST,195,F
636,36,Bedouin,Israel-Negev,MIDDLE_EAST,196,F
637,36,Bedouin,Israel-Negev,MIDDLE_EAST,197,F
638,36,Bedouin,Israel-Negev,MIDDLE_EAST,198,F
639,36,Bedouin,Israel-Negev,MIDDLE_EAST,199,M
640,36,Bedouin,Israel-Negev,MIDDLE_EAST,200,M
641,36,Bedouin,Israel-Negev,MIDDLE_EAST,201,M
642,36,Bedouin,Israel-Negev,MIDDLE_EAST,202,M
643,36,Bedouin,Israel-Negev,MIDDLE_EAST,203,F
644,36,Bedouin,Israel-Negev,MIDDLE_EAST,204,M
645,36,Bedouin,Israel-Negev,MIDDLE_EAST,206,M
646,36,Bedouin,Israel-Negev,MIDDLE_EAST,207,F
647,36,Bedouin,Israel-Negev,MIDDLE_EAST,208,F
648,36,Bedouin,Israel-Negev,MIDDLE_EAST,209,M
649,36,Bedouin,Israel-Negev,MIDDLE_EAST,210,F
650,36,Bedouin,Israel-Negev,MIDDLE_EAST,211,F
651,36,Bedouin,Israel-Negev,MIDDLE_EAST,212,F
653,36,Bedouin,Israel-Negev,MIDDLE_EAST,214,F
654,36,Bedouin,Israel-Negev,MIDDLE_EAST,215,M
701,36,Bedouin,Israel-Negev,MIDDLE_EAST,216,F
557,37,Druze,Israel-Carmel,MIDDLE_EAST,218,F
558,37,Druze,Israel-Carmel,MIDDLE_EAST,219,F
559,37,Druze,Israel-Carmel,MIDDLE_EAST,220,F
560,37,Druze,Israel-Carmel,MIDDLE_EAST,221,F
561,37,Druze,Israel-Carmel,MIDDLE_EAST,222,F
562,37,Druze,Israel-Carmel,MIDDLE_EAST,223,M
563,37,Druze,Israel-Carmel,MIDDLE_EAST,224,F
564,37,Druze,Israel-Carmel,MIDDLE_EAST,225,F
565,37,Druze,Israel-Carmel,MIDDLE_EAST,226,F
566,37,Druze,Israel-Carmel,MIDDLE_EAST,227,F
567,37,Druze,Israel-Carmel,MIDDLE_EAST,228,F
568,37,Druze,Israel-Carmel,MIDDLE_EAST,229,F
569,37,Druze,Israel-Carmel,MIDDLE_EAST,230,F
571,37,Druze,Israel-Carmel,MIDDLE_EAST,232,F
573,37,Druze,Israel-Carmel,MIDDLE_EAST,234,F
574,37,Druze,Israel-Carmel,MIDDLE_EAST,235,F
575,37,Druze,Israel-Carmel,MIDDLE_EAST,236,F
576,37,Druze,Israel-Carmel,MIDDLE_EAST,237,M
577,37,Druze,Israel-Carmel,MIDDLE_EAST,238,F
578,37,Druze,Israel-Carmel,MIDDLE_EAST,239,F
579,37,Druze,Israel-Carmel,MIDDLE_EAST,240,F
580,37,Druze,Israel-Carmel,MIDDLE_EAST,241,M
581,37,Druze,Israel-Carmel,MIDDLE_EAST,242,F
582,37,Druze,Israel-Carmel,MIDDLE_EAST,243,F
583,37,Druze,Israel-Carmel,MIDDLE_EAST,244,F
584,37,Druze,Israel-Carmel,MIDDLE_EAST,245,F
586,37,Druze,Israel-Carmel,MIDDLE_EAST,247,F
587,37,Druze,Israel-Carmel,MIDDLE_EAST,248,F
588,37,Druze,Israel-Carmel,MIDDLE_EAST,249,M
590,37,Druze,Israel-Carmel,MIDDLE_EAST,251,F
591,37,Druze,Israel-Carmel,MIDDLE_EAST,252,F
594,37,Druze,Israel-Carmel,MIDDLE_EAST,254,M
595,37,Druze,Israel-Carmel,MIDDLE_EAST,255,M
597,37,Druze,Israel-Carmel,MIDDLE_EAST,256,M
598,37,Druze,Israel-Carmel,MIDDLE_EAST,257,M
599,37,Druze,Israel-Carmel,MIDDLE_EAST,258,M
600,37,Druze,Israel-Carmel,MIDDLE_EAST,259,M
601,37,Druze,Israel-Carmel,MIDDLE_EAST,260,F
602,37,Druze,Israel-Carmel,MIDDLE_EAST,261,M
604,37,Druze,Israel-Carmel,MIDDLE_EAST,263,M
606,37,Druze,Israel-Carmel,MIDDLE_EAST,265,F
675,38,Palestinian,Israel-Central,MIDDLE_EAST,266,M
676,38,Palestinian,Israel-Central,MIDDLE_EAST,267,M
677,38,Palestinian,Israel-Central,MIDDLE_EAST,268,M
678,38,Palestinian,Israel-Central,MIDDLE_EAST,269,M
679,38,Palestinian,Israel-Central,MIDDLE_EAST,270,F
680,38,Palestinian,Israel-Central,MIDDLE_EAST,271,F
682,38,Palestinian,Israel-Central,MIDDLE_EAST,273,F
683,38,Palestinian,Israel-Central,MIDDLE_EAST,274,F
684,38,Palestinian,Israel-Central,MIDDLE_EAST,275,F
685,38,Palestinian,Israel-Central,MIDDLE_EAST,276,F
686,38,Palestinian,Israel-Central,MIDDLE_EAST,277,F
687,38,Palestinian,Israel-Central,MIDDLE_EAST,278,F
688,38,Palestinian,Israel-Central,MIDDLE_EAST,279,F
689,38,Palestinian,Israel-Central,MIDDLE_EAST,280,F
690,38,Palestinian,Israel-Central,MIDDLE_EAST,281,F
691,38,Palestinian,Israel-Central,MIDDLE_EAST,282,F
692,38,Palestinian,Israel-Central,MIDDLE_EAST,283,F
693,38,Palestinian,Israel-Central,MIDDLE_EAST,284,F
694,38,Palestinian,Israel-Central,MIDDLE_EAST,285,F
696,38,Palestinian,Israel-Central,MIDDLE_EAST,287,F
697,38,Palestinian,Israel-Central,MIDDLE_EAST,290,F
699,38,Palestinian,Israel-Central,MIDDLE_EAST,292,F
700,38,Palestinian,Israel-Central,MIDDLE_EAST,293,F
722,38,Palestinian,Israel-Central,MIDDLE_EAST,294,M
723,38,Palestinian,Israel-Central,MIDDLE_EAST,295,M
724,38,Palestinian,Israel-Central,MIDDLE_EAST,296,M
725,38,Palestinian,Israel-Central,MIDDLE_EAST,297,M
726,38,Palestinian,Israel-Central,MIDDLE_EAST,298,M
727,38,Palestinian,Israel-Central,MIDDLE_EAST,299,M
729,38,Palestinian,Israel-Central,MIDDLE_EAST,302,M
730,38,Palestinian,Israel-Central,MIDDLE_EAST,303,M
731,38,Palestinian,Israel-Central,MIDDLE_EAST,304,M
732,38,Palestinian,Israel-Central,MIDDLE_EAST,305,M
733,38,Palestinian,Israel-Central,MIDDLE_EAST,306,M
734,38,Palestinian,Israel-Central,MIDDLE_EAST,307,M
735,38,Palestinian,Israel-Central,MIDDLE_EAST,308,F
736,38,Palestinian,Israel-Central,MIDDLE_EAST,309,F
737,38,Palestinian,Israel-Central,MIDDLE_EAST,310,F
738,38,Palestinian,Israel-Central,MIDDLE_EAST,311,F
739,38,Palestinian,Israel-Central,MIDDLE_EAST,312,F
741,38,Palestinian,Israel-Central,MIDDLE_EAST,314,F
744,38,Palestinian,Israel-Central,MIDDLE_EAST,317,F
745,38,Palestinian,Israel-Central,MIDDLE_EAST,318,F
746,38,Palestinian,Israel-Central,MIDDLE_EAST,319,F
52,50,Balochi,Pakistan,CENTRAL_SOUTH_ASIA,346,M
54,50,Balochi,Pakistan,CENTRAL_SOUTH_ASIA,347,M
56,50,Balochi,Pakistan,CENTRAL_SOUTH_ASIA,348,M
57,50,Balochi,Pakistan,CENTRAL_SOUTH_ASIA,349,M
58,50,Balochi,Pakistan,CENTRAL_SOUTH_ASIA,350,M
60,50,Balochi,Pakistan,CENTRAL_SOUTH_ASIA,351,M
62,50,Balochi,Pakistan,CENTRAL_SOUTH_ASIA,352,M
64,50,Balochi,Pakistan,CENTRAL_SOUTH_ASIA,353,M
66,50,Balochi,Pakistan,CENTRAL_SOUTH_ASIA,354,M
68,50,Balochi,Pakistan,CENTRAL_SOUTH_ASIA,355,M
70,50,Balochi,Pakistan,CENTRAL_SOUTH_ASIA,356,M
72,50,Balochi,Pakistan,CENTRAL_SOUTH_ASIA,357,M
74,50,Balochi,Pakistan,CENTRAL_SOUTH_ASIA,358,M
76,50,Balochi,Pakistan,CENTRAL_SOUTH_ASIA,359,M
78,50,Balochi,Pakistan,CENTRAL_SOUTH_ASIA,360,M
80,50,Balochi,Pakistan,CENTRAL_SOUTH_ASIA,361,M
82,50,Balochi,Pakistan,CENTRAL_SOUTH_ASIA,362,M
86,50,Balochi,Pakistan,CENTRAL_SOUTH_ASIA,364,M
88,50,Balochi,Pakistan,CENTRAL_SOUTH_ASIA,365,M
90,50,Balochi,Pakistan,CENTRAL_SOUTH_ASIA,366,M
92,50,Balochi,Pakistan,CENTRAL_SOUTH_ASIA,367,M
94,50,Balochi,Pakistan,CENTRAL_SOUTH_ASIA,368,M
96,50,Balochi,Pakistan,CENTRAL_SOUTH_ASIA,369,M
98,50,Balochi,Pakistan,CENTRAL_SOUTH_ASIA,370,M
1,51,Brahui,Pakistan,CENTRAL_SOUTH_ASIA,321,M
3,51,Brahui,Pakistan,CENTRAL_SOUTH_ASIA,322,M
5,51,Brahui,Pakistan,CENTRAL_SOUTH_ASIA,323,M
7,51,Brahui,Pakistan,CENTRAL_SOUTH_ASIA,324,M
9,51,Brahui,Pakistan,CENTRAL_SOUTH_ASIA,325,M
11,51,Brahui,Pakistan,CENTRAL_SOUTH_ASIA,326,M
13,51,Brahui,Pakistan,CENTRAL_SOUTH_ASIA,327,M
15,51,Brahui,Pakistan,CENTRAL_SOUTH_ASIA,328,M
17,51,Brahui,Pakistan,CENTRAL_SOUTH_ASIA,329,M
19,51,Brahui,Pakistan,CENTRAL_SOUTH_ASIA,330,M
21,51,Brahui,Pakistan,CENTRAL_SOUTH_ASIA,331,M
23,51,Brahui,Pakistan,CENTRAL_SOUTH_ASIA,332,M
25,51,Brahui,Pakistan,CENTRAL_SOUTH_ASIA,333,M
27,51,Brahui,Pakistan,CENTRAL_SOUTH_ASIA,334,M
29,51,Brahui,Pakistan,CENTRAL_SOUTH_ASIA,335,M
31,51,Brahui,Pakistan,CENTRAL_SOUTH_ASIA,336,M
35,51,Brahui,Pakistan,CENTRAL_SOUTH_ASIA,338,M
37,51,Brahui,Pakistan,CENTRAL_SOUTH_ASIA,339,M
39,51,Brahui,Pakistan,CENTRAL_SOUTH_ASIA,340,M
41,51,Brahui,Pakistan,CENTRAL_SOUTH_ASIA,341,M
43,51,Brahui,Pakistan,CENTRAL_SOUTH_ASIA,342,M
45,51,Brahui,Pakistan,CENTRAL_SOUTH_ASIA,343,M
47,51,Brahui,Pakistan,CENTRAL_SOUTH_ASIA,344,M
49,51,Brahui,Pakistan,CENTRAL_SOUTH_ASIA,345,M
336,52,Burusho,Pakistan,CENTRAL_SOUTH_ASIA,504,F
338,52,Burusho,Pakistan,CENTRAL_SOUTH_ASIA,505,F
341,52,Burusho,Pakistan,CENTRAL_SOUTH_ASIA,506,M
346,52,Burusho,Pakistan,CENTRAL_SOUTH_ASIA,507,M
356,52,Burusho,Pakistan,CENTRAL_SOUTH_ASIA,509,F
359,52,Burusho,Pakistan,CENTRAL_SOUTH_ASIA,510,M
364,52,Burusho,Pakistan,CENTRAL_SOUTH_ASIA,511,M
371,52,Burusho,Pakistan,CENTRAL_SOUTH_ASIA,512,F
372,52,Burusho,Pakistan,CENTRAL_SOUTH_ASIA,513,M
376,52,Burusho,Pakistan,CENTRAL_SOUTH_ASIA,514,M
382,52,Burusho,Pakistan,CENTRAL_SOUTH_ASIA,515,M
388,52,Burusho,Pakistan,CENTRAL_SOUTH_ASIA,516,M
392,52,Burusho,Pakistan,CENTRAL_SOUTH_ASIA,517,M
397,52,Burusho,Pakistan,CENTRAL_SOUTH_ASIA,518,M
407,52,Burusho,Pakistan,CENTRAL_SOUTH_ASIA,520,M
412,52,Burusho,Pakistan,CENTRAL_SOUTH_ASIA,521,M
417,52,Burusho,Pakistan,CENTRAL_SOUTH_ASIA,522,M
423,52,Burusho,Pakistan,CENTRAL_SOUTH_ASIA,523,M
428,52,Burusho,Pakistan,CENTRAL_SOUTH_ASIA,524,M
433,52,Burusho,Pakistan,CENTRAL_SOUTH_ASIA,525,M
438,52,Burusho,Pakistan,CENTRAL_SOUTH_ASIA,526,M
444,52,Burusho,Pakistan,CENTRAL_SOUTH_ASIA,527,F
445,52,Burusho,Pakistan,CENTRAL_SOUTH_ASIA,528,M
99,54,Hazara,Pakistan,CENTRAL_SOUTH_ASIA,371,M
100,54,Hazara,Pakistan,CENTRAL_SOUTH_ASIA,372,M
102,54,Hazara,Pakistan,CENTRAL_SOUTH_ASIA,373,M
103,54,Hazara,Pakistan,CENTRAL_SOUTH_ASIA,374,M
104,54,Hazara,Pakistan,CENTRAL_SOUTH_ASIA,375,M
105,54,Hazara,Pakistan,CENTRAL_SOUTH_ASIA,376,M
106,54,Hazara,Pakistan,CENTRAL_SOUTH_ASIA,377,M
108,54,Hazara,Pakistan,CENTRAL_SOUTH_ASIA,378,M
109,54,Hazara,Pakistan,CENTRAL_SOUTH_ASIA,379,M
110,54,Hazara,Pakistan,CENTRAL_SOUTH_ASIA,380,M
112,54,Hazara,Pakistan,CENTRAL_SOUTH_ASIA,382,M
115,54,Hazara,Pakistan,CENTRAL_SOUTH_ASIA,386,M
116,54,Hazara,Pakistan,CENTRAL_SOUTH_ASIA,387,M
118,54,Hazara,Pakistan,CENTRAL_SOUTH_ASIA,388,M
119,54,Hazara,Pakistan,CENTRAL_SOUTH_ASIA,389,M
120,54,Hazara,Pakistan,CENTRAL_SOUTH_ASIA,390,M
121,54,Hazara,Pakistan,CENTRAL_SOUTH_ASIA,391,M
122,54,Hazara,Pakistan,CENTRAL_SOUTH_ASIA,392,M
124,54,Hazara,Pakistan,CENTRAL_SOUTH_ASIA,393,M
125,54,Hazara,Pakistan,CENTRAL_SOUTH_ASIA,394,M
127,54,Hazara,Pakistan,CENTRAL_SOUTH_ASIA,395,M
129,54,Hazara,Pakistan,CENTRAL_SOUTH_ASIA,398,M
267,56,Kalash,Pakistan,CENTRAL_SOUTH_ASIA,476,M
274,56,Kalash,Pakistan,CENTRAL_SOUTH_ASIA,477,F
277,56,Kalash,Pakistan,CENTRAL_SOUTH_ASIA,478,M
279,56,Kalash,Pakistan,CENTRAL_SOUTH_ASIA,479,M
281,56,Kalash,Pakistan,CENTRAL_SOUTH_ASIA,480,M
285,56,Kalash,Pakistan,CENTRAL_SOUTH_ASIA,482,M
286,56,Kalash,Pakistan,CENTRAL_SOUTH_ASIA,483,F
288,56,Kalash,Pakistan,CENTRAL_SOUTH_ASIA,484,M
290,56,Kalash,Pakistan,CENTRAL_SOUTH_ASIA,485,M
298,56,Kalash,Pakistan,CENTRAL_SOUTH_ASIA,487,F
302,56,Kalash,Pakistan,CENTRAL_SOUTH_ASIA,488,M
304,56,Kalash,Pakistan,CENTRAL_SOUTH_ASIA,489,F
307,56,Kalash,Pakistan,CENTRAL_SOUTH_ASIA,490,M
309,56,Kalash,Pakistan,CENTRAL_SOUTH_ASIA,491,M
311,56,Kalash,Pakistan,CENTRAL_SOUTH_ASIA,492,M
313,56,Kalash,Pakistan,CENTRAL_SOUTH_ASIA,494,M
315,56,Kalash,Pakistan,CENTRAL_SOUTH_ASIA,495,M
319,56,Kalash,Pakistan,CENTRAL_SOUTH_ASIA,496,M
323,56,Kalash,Pakistan,CENTRAL_SOUTH_ASIA,498,F
326,56,Kalash,Pakistan,CENTRAL_SOUTH_ASIA,499,M
328,56,Kalash,Pakistan,CENTRAL_SOUTH_ASIA,500,M
330,56,Kalash,Pakistan,CENTRAL_SOUTH_ASIA,501,M
333,56,Kalash,Pakistan,CENTRAL_SOUTH_ASIA,502,M
130,57,Makrani,Pakistan,CENTRAL_SOUTH_ASIA,399,M
131,57,Makrani,Pakistan,CENTRAL_SOUTH_ASIA,401,M
133,57,Makrani,Pakistan,CENTRAL_SOUTH_ASIA,402,M
134,57,Makrani,Pakistan,CENTRAL_SOUTH_ASIA,403,M
135,57,Makrani,Pakistan,CENTRAL_SOUTH_ASIA,404,M
136,57,Makrani,Pakistan,CENTRAL_SOUTH_ASIA,405,M
137,57,Makrani,Pakistan,CENTRAL_SOUTH_ASIA,406,M
139,57,Makrani,Pakistan,CENTRAL_SOUTH_ASIA,407,M
140,57,Makrani,Pakistan,CENTRAL_SOUTH_ASIA,408,M
141,57,Makrani,Pakistan,CENTRAL_SOUTH_ASIA,409,M
143,57,Makrani,Pakistan,CENTRAL_SOUTH_ASIA,410,M
144,57,Makrani,Pakistan,CENTRAL_SOUTH_ASIA,411,M
145,57,Makrani,Pakistan,CENTRAL_SOUTH_ASIA,412,M
146,57,Makrani,Pakistan,CENTRAL_SOUTH_ASIA,413,M
148,57,Makrani,Pakistan,CENTRAL_SOUTH_ASIA,414,M
149,57,Makrani,Pakistan,CENTRAL_SOUTH_ASIA,415,M
150,57,Makrani,Pakistan,CENTRAL_SOUTH_ASIA,416,M
151,57,Makrani,Pakistan,CENTRAL_SOUTH_ASIA,417,F
153,57,Makrani,Pakistan,CENTRAL_SOUTH_ASIA,418,F
154,57,Makrani,Pakistan,CENTRAL_SOUTH_ASIA,419,F
155,57,Makrani,Pakistan,CENTRAL_SOUTH_ASIA,420,F
157,57,Makrani,Pakistan,CENTRAL_SOUTH_ASIA,421,F
158,57,Makrani,Pakistan,CENTRAL_SOUTH_ASIA,422,M
160,57,Makrani,Pakistan,CENTRAL_SOUTH_ASIA,423,M
161,57,Makrani,Pakistan,CENTRAL_SOUTH_ASIA,424,M
213,58,Pathan,Pakistan,CENTRAL_SOUTH_ASIA,450,M
214,58,Pathan,Pakistan,CENTRAL_SOUTH_ASIA,451,M
216,58,Pathan,Pakistan,CENTRAL_SOUTH_ASIA,452,M
218,58,Pathan,Pakistan,CENTRAL_SOUTH_ASIA,453,M
222,58,Pathan,Pakistan,CENTRAL_SOUTH_ASIA,455,M
224,58,Pathan,Pakistan,CENTRAL_SOUTH_ASIA,456,M
226,58,Pathan,Pakistan,CENTRAL_SOUTH_ASIA,457,M
228,58,Pathan,Pakistan,CENTRAL_SOUTH_ASIA,458,M
230,58,Pathan,Pakistan,CENTRAL_SOUTH_ASIA,459,M
232,58,Pathan,Pakistan,CENTRAL_SOUTH_ASIA,460,F
234,58,Pathan,Pakistan,CENTRAL_SOUTH_ASIA,461,M
237,58,Pathan,Pakistan,CENTRAL_SOUTH_ASIA,462,F
239,58,Pathan,Pakistan,CENTRAL_SOUTH_ASIA,463,F
241,58,Pathan,Pakistan,CENTRAL_SOUTH_ASIA,464,M
243,58,Pathan,Pakistan,CENTRAL_SOUTH_ASIA,465,M
244,58,Pathan,Pakistan,CENTRAL_SOUTH_ASIA,466,F
247,58,Pathan,Pakistan,CENTRAL_SOUTH_ASIA,467,F
248,58,Pathan,Pakistan,CENTRAL_SOUTH_ASIA,468,M
251,58,Pathan,Pakistan,CENTRAL_SOUTH_ASIA,469,M
254,58,Pathan,Pakistan,CENTRAL_SOUTH_ASIA,470,M
258,58,Pathan,Pakistan,CENTRAL_SOUTH_ASIA,471,M
259,58,Pathan,Pakistan,CENTRAL_SOUTH_ASIA,472,M
262,58,Pathan,Pakistan,CENTRAL_SOUTH_ASIA,473,M
264,58,Pathan,Pakistan,CENTRAL_SOUTH_ASIA,474,M
163,59,Sindhi,Pakistan,CENTRAL_SOUTH_ASIA,425,M
165,59,Sindhi,Pakistan,CENTRAL_SOUTH_ASIA,426,M
167,59,Sindhi,Pakistan,CENTRAL_SOUTH_ASIA,427,M
169,59,Sindhi,Pakistan,CENTRAL_SOUTH_ASIA,428,M
171,59,Sindhi,Pakistan,CENTRAL_SOUTH_ASIA,429,M
173,59,Sindhi,Pakistan,CENTRAL_SOUTH_ASIA,430,M
175,59,Sindhi,Pakistan,CENTRAL_SOUTH_ASIA,431,M
177,59,Sindhi,Pakistan,CENTRAL_SOUTH_ASIA,432,M
179,59,Sindhi,Pakistan,CENTRAL_SOUTH_ASIA,433,M
181,59,Sindhi,Pakistan,CENTRAL_SOUTH_ASIA,434,M
183,59,Sindhi,Pakistan,CENTRAL_SOUTH_ASIA,435,M
185,59,Sindhi,Pakistan,CENTRAL_SOUTH_ASIA,436,M
187,59,Sindhi,Pakistan,CENTRAL_SOUTH_ASIA,437,M
189,59,Sindhi,Pakistan,CENTRAL_SOUTH_ASIA,438,M
191,59,Sindhi,Pakistan,CENTRAL_SOUTH_ASIA,439,M
192,59,Sindhi,Pakistan,CENTRAL_SOUTH_ASIA,440,F
195,59,Sindhi,Pakistan,CENTRAL_SOUTH_ASIA,441,F
197,59,Sindhi,Pakistan,CENTRAL_SOUTH_ASIA,442,M
199,59,Sindhi,Pakistan,CENTRAL_SOUTH_ASIA,443,M
201,59,Sindhi,Pakistan,CENTRAL_SOUTH_ASIA,444,M
205,59,Sindhi,Pakistan,CENTRAL_SOUTH_ASIA,446,M
206,59,Sindhi,Pakistan,CENTRAL_SOUTH_ASIA,447,F
208,59,Sindhi,Pakistan,CENTRAL_SOUTH_ASIA,448,M
210,59,Sindhi,Pakistan,CENTRAL_SOUTH_ASIA,449,F
491,71,Melanesian,Bougainville,OCEANIA,810,M
655,71,Melanesian,Bougainville,OCEANIA,811,M
656,71,Melanesian,Bougainville,OCEANIA,812,F
660,71,Melanesian,Bougainville,OCEANIA,816,F
661,71,Melanesian,Bougainville,OCEANIA,817,F
662,71,Melanesian,Bougainville,OCEANIA,818,M
663,71,Melanesian,Bougainville,OCEANIA,819,F
664,71,Melanesian,Bougainville,OCEANIA,820,F
787,71,Melanesian,Bougainville,OCEANIA,821,F
788,71,Melanesian,Bougainville,OCEANIA,822,M
1027,71,Melanesian,Bougainville,OCEANIA,830,F
540,75,Papuan,NewGuinea,OCEANIA,792,M
541,75,Papuan,NewGuinea,OCEANIA,793,M
542,75,Papuan,NewGuinea,OCEANIA,794,M
543,75,Papuan,NewGuinea,OCEANIA,795,M
544,75,Papuan,NewGuinea,OCEANIA,796,F
545,75,Papuan,NewGuinea,OCEANIA,797,M
547,75,Papuan,NewGuinea,OCEANIA,799,M
548,75,Papuan,NewGuinea,OCEANIA,800,M
549,75,Papuan,NewGuinea,OCEANIA,801,M
550,75,Papuan,NewGuinea,OCEANIA,802,F
551,75,Papuan,NewGuinea,OCEANIA,803,M
552,75,Papuan,NewGuinea,OCEANIA,804,F
553,75,Papuan,NewGuinea,OCEANIA,805,M
554,75,Papuan,NewGuinea,OCEANIA,806,F
555,75,Papuan,NewGuinea,OCEANIA,807,M
556,75,Papuan,NewGuinea,OCEANIA,808,M
702,81,Colombian,Colombia,AMERICA,1051,F
703,81,Colombian,Colombia,AMERICA,1052,M
704,81,Colombian,Colombia,AMERICA,1053,F
706,81,Colombian,Colombia,AMERICA,1055,F
708,81,Colombian,Colombia,AMERICA,1058,F
710,81,Colombian,Colombia,AMERICA,1060,M
970,81,Colombian,Colombia,AMERICA,1064,F
995,82,Karitiana,Brazil,AMERICA,1066,F
998,82,Karitiana,Brazil,AMERICA,1070,M
999,82,Karitiana,Brazil,AMERICA,1071,F
1001,82,Karitiana,Brazil,AMERICA,1073,F
1003,82,Karitiana,Brazil,AMERICA,1074,F
1006,82,Karitiana,Brazil,AMERICA,1077,F
1009,82,Karitiana,Brazil,AMERICA,1080,M
1010,82,Karitiana,Brazil,AMERICA,1081,F
1012,82,Karitiana,Brazil,AMERICA,1083,M
1013,82,Karitiana,Brazil,AMERICA,1084,M
1014,82,Karitiana,Brazil,AMERICA,1085,F
1015,82,Karitiana,Brazil,AMERICA,1086,M
1018,82,Karitiana,Brazil,AMERICA,1089,F
1019,82,Karitiana,Brazil,AMERICA,1090,M
832,83,Surui,Brazil,AMERICA,1093,F
837,83,Surui,Brazil,AMERICA,1097,M
838,83,Surui,Brazil,AMERICA,1098,F
843,83,Surui,Brazil,AMERICA,1103,M
845,83,Surui,Brazil,AMERICA,1105,M
846,83,Surui,Brazil,AMERICA,1106,F
849,83,Surui,Brazil,AMERICA,1109,M
852,83,Surui,Brazil,AMERICA,1112,F
854,86,Maya,Mexico,AMERICA,1025,F
855,86,Maya,Mexico,AMERICA,1026,F
856,86,Maya,Mexico,AMERICA,1027,M
857,86,Maya,Mexico,AMERICA,1028,F
858,86,Maya,Mexico,AMERICA,1029,F
859,86,Maya,Mexico,AMERICA,1030,F
860,86,Maya,Mexico,AMERICA,1031,F
861,86,Maya,Mexico,AMERICA,1032,F
862,86,Maya,Mexico,AMERICA,1033,F
863,86,Maya,Mexico,AMERICA,1034,F
864,86,Maya,Mexico,AMERICA,1035,F
865,86,Maya,Mexico,AMERICA,1036,F
868,86,Maya,Mexico,AMERICA,1039,F
869,86,Maya,Mexico,AMERICA,1040,F
870,86,Maya,Mexico,AMERICA,1041,F
871,86,Maya,Mexico,AMERICA,1042,F
872,86,Maya,Mexico,AMERICA,1043,F
873,86,Maya,Mexico,AMERICA,1044,F
875,86,Maya,Mexico,AMERICA,1046,F
876,86,Maya,Mexico,AMERICA,1047,F
877,86,Maya,Mexico,AMERICA,1048,M
1037,87,Pima,Mexico,AMERICA,1000,M
1041,87,Pima,Mexico,AMERICA,1004,F
1043,87,Pima,Mexico,AMERICA,1006,M
1044,87,Pima,Mexico,AMERICA,1007,F
1047,87,Pima,Mexico,AMERICA,1010,M
1050,87,Pima,Mexico,AMERICA,1013,M
1055,87,Pima,Mexico,AMERICA,1018,M
1056,87,Pima,Mexico,AMERICA,1019,F
1057,87,Pima,Mexico,AMERICA,1020,M
1058,87,Pima,Mexico,AMERICA,1021,F
1059,87,Pima,Mexico,AMERICA,1022,M
1060,87,Pima,Mexico,AMERICA,1023,M
44441020,401,Beja_H,Sudan,AFRICA,61,M
44441012,401,Beja_H,Sudan,AFRICA,62,F
44441013,401,Beja_H,Sudan,AFRICA,63,F
44441014,401,Beja_H,Sudan,AFRICA,64,F
44441018,401,Beja_H,Sudan,AFRICA,65,F
44441010,401,Beja_H,Sudan,AFRICA,66,F
44441022,401,Beja_H,Sudan,AFRICA,67,F
44441023,401,Beja_H,Sudan,AFRICA,68,F
44441027,401,Beja_H,Sudan,AFRICA,69,F
44441024,401,Beja_H,Sudan,AFRICA,70,F
44441029,401,Beja_H,Sudan,AFRICA,71,M
44441032,401,Beja_H,Sudan,AFRICA,72,F
44441033,401,Beja_H,Sudan,AFRICA,73,F
44441016,401,Beja_H,Sudan,AFRICA,74,M
44441035,401,Beja_H,Sudan,AFRICA,75,F
44441037,401,Beja_H,Sudan,AFRICA,76,M
44441039,401,Beja_H,Sudan,AFRICA,77,F
44441040,401,Beja_H,Sudan,AFRICA,78,F
44441041,401,Beja_H,Sudan,AFRICA,79,M
44441042,401,Beja_H,Sudan,AFRICA,80,F
44442024,402,Borana,Kenya,AFRICA,1,M
44442031,402,Borana,Kenya,AFRICA,3,M
44442032,402,Borana,Kenya,AFRICA,4,M
44442034,402,Borana,Kenya,AFRICA,5,M
44442035,402,Borana,Kenya,AFRICA,6,M
44442036,402,Borana,Kenya,AFRICA,7,F
44442037,402,Borana,Kenya,AFRICA,8,M
44442038,402,Borana,Kenya,AFRICA,9,M
44442040,402,Borana,Kenya,AFRICA,11,M
44442043,402,Borana,Kenya,AFRICA,12,M
44442044,402,Borana,Kenya,AFRICA,13,M
44442046,402,Borana,Kenya,AFRICA,14,F
44442050,402,Borana,Kenya,AFRICA,15,F
44442051,402,Borana,Kenya,AFRICA,16,F
44442052,402,Borana,Kenya,AFRICA,17,M
44442054,402,Borana,Kenya,AFRICA,18,F
44442057,402,Borana,Kenya,AFRICA,19,F
44442059,402,Borana,Kenya,AFRICA,20,F
44443002,403,Fulani_M,Cameroon,AFRICA,141,F
44443004,403,Fulani_M,Cameroon,AFRICA,142,F
44443006,403,Fulani_M,Cameroon,AFRICA,143,M
44443007,403,Fulani_M,Cameroon,AFRICA,144,F
44443008,403,Fulani_M,Cameroon,AFRICA,145,F
44443009,403,Fulani_M,Cameroon,AFRICA,146,F
44443010,403,Fulani_M,Cameroon,AFRICA,147,F
44443011,403,Fulani_M,Cameroon,AFRICA,148,F
44443012,403,Fulani_M,Cameroon,AFRICA,149,F
44443013,403,Fulani_M,Cameroon,AFRICA,150,M
44443014,403,Fulani_M,Cameroon,AFRICA,151,M
44443015,403,Fulani_M,Cameroon,AFRICA,152,M
44443017,403,Fulani_M,Cameroon,AFRICA,154,F
44443018,403,Fulani_M,Cameroon,AFRICA,155,M
44443019,403,Fulani_M,Cameroon,AFRICA,156,M
44443020,403,Fulani_M,Cameroon,AFRICA,157,F
44443021,403,Fulani_M,Cameroon,AFRICA,158,F
44443022,403,Fulani_M,Cameroon,AFRICA,159,M
44443023,403,Fulani_M,Cameroon,AFRICA,160,M
44444031,404,Hadza,Tanzania,AFRICA,101,M
44444004,404,Hadza,Tanzania,AFRICA,102,M
44444005,404,Hadza,Tanzania,AFRICA,103,M
44444007,404,Hadza,Tanzania,AFRICA,104,F
44444008,404,Hadza,Tanzania,AFRICA,105,F
44444010,404,Hadza,Tanzania,AFRICA,106,M
44444013,404,Hadza,Tanzania,AFRICA,107,F
44444029,404,Hadza,Tanzania,AFRICA,108,M
44444019,404,Hadza,Tanzania,AFRICA,109,F
44444022,404,Hadza,Tanzania,AFRICA,110,F
44444024,404,Hadza,Tanzania,AFRICA,111,M
44444030,404,Hadza,Tanzania,AFRICA,112,F
44444026,404,Hadza,Tanzania,AFRICA,113,M
44444027,404,Hadza,Tanzania,AFRICA,114,F
44444221,404,Hadza,Tanzania,AFRICA,115,M
44444226,404,Hadza,Tanzania,AFRICA,118,M
44444227,404,Hadza,Tanzania,AFRICA,119,M
44444228,404,Hadza,Tanzania,AFRICA,120,M
44445025,405,Iraqw,Tanzania,AFRICA,81,M
44445028,405,Iraqw,Tanzania,AFRICA,82,M
44445058,405,Iraqw,Tanzania,AFRICA,83,M
44445061,405,Iraqw,Tanzania,AFRICA,85,M
44445062,405,Iraqw,Tanzania,AFRICA,86,M
44445063,405,Iraqw,Tanzania,AFRICA,87,M
44445064,405,Iraqw,Tanzania,AFRICA,88,M
44445065,405,Iraqw,Tanzania,AFRICA,89,M
44445066,405,Iraqw,Tanzania,AFRICA,90,M
44445068,405,Iraqw,Tanzania,AFRICA,91,M
44445069,405,Iraqw,Tanzania,AFRICA,92,M
44445071,405,Iraqw,Tanzania,AFRICA,94,M
44445072,405,Iraqw,Tanzania,AFRICA,95,M
44445075,405,Iraqw,Tanzania,AFRICA,96,M
44445077,405,Iraqw,Tanzania,AFRICA,97,M
44445078,405,Iraqw,Tanzania,AFRICA,98,M
44445079,405,Iraqw,Tanzania,AFRICA,99,M
44445080,405,Iraqw,Tanzania,AFRICA,100,M
44446041,406,Mada,Cameroon,AFRICA,41,M
44446018,406,Mada,Cameroon,AFRICA,42,M
44446019,406,Mada,Cameroon,AFRICA,43,M
44446021,406,Mada,Cameroon,AFRICA,44,M
44446022,406,Mada,Cameroon,AFRICA,45,M
44446023,406,Mada,Cameroon,AFRICA,46,M
44446025,406,Mada,Cameroon,AFRICA,48,M
44446026,406,Mada,Cameroon,AFRICA,49,M
44446027,406,Mada,Cameroon,AFRICA,50,M
44446029,406,Mada,Cameroon,AFRICA,51,M
44446031,406,Mada,Cameroon,AFRICA,52,F
44446033,406,Mada,Cameroon,AFRICA,53,M
44446034,406,Mada,Cameroon,AFRICA,54,M
44446035,406,Mada,Cameroon,AFRICA,55,M
44446036,406,Mada,Cameroon,AFRICA,56,M
44446037,406,Mada,Cameroon,AFRICA,57,M
44446038,406,Mada,Cameroon,AFRICA,58,M
44446039,406,Mada,Cameroon,AFRICA,59,F
44446040,406,Mada,Cameroon,AFRICA,60,M
44447005,407,Sandawe,Tanzania,AFRICA,121,M
44447006,407,Sandawe,Tanzania,AFRICA,122,F
44447008,407,Sandawe,Tanzania,AFRICA,123,M
44447009,407,Sandawe,Tanzania,AFRICA,124,M
44447012,407,Sandawe,Tanzania,AFRICA,125,M
44447018,407,Sandawe,Tanzania,AFRICA,126,M
44447047,407,Sandawe,Tanzania,AFRICA,127,M
44447057,407,Sandawe,Tanzania,AFRICA,128,F
44447058,407,Sandawe,Tanzania,AFRICA,129,M
44447065,407,Sandawe,Tanzania,AFRICA,130,F
44447067,407,Sandawe,Tanzania,AFRICA,131,M
44447074,407,Sandawe,Tanzania,AFRICA,132,M
44447077,407,Sandawe,Tanzania,AFRICA,133,F
44447085,407,Sandawe,Tanzania,AFRICA,134,F
44447087,407,Sandawe,Tanzania,AFRICA,135,M
44447002,407,Sandawe,Tanzania,AFRICA,136,M
44447026,407,Sandawe,Tanzania,AFRICA,137,F
44447028,407,Sandawe,Tanzania,AFRICA,138,M
44447029,407,Sandawe,Tanzania,AFRICA,139,F
44447032,407,Sandawe,Tanzania,AFRICA,140,M
44448001,408,Sengwer,Kenya,AFRICA,21,M
44448002,408,Sengwer,Kenya,AFRICA,22,M
44448004,408,Sengwer,Kenya,AFRICA,23,M
44448006,408,Sengwer,Kenya,AFRICA,24,M
44448007,408,Sengwer,Kenya,AFRICA,25,M
44448008,408,Sengwer,Kenya,AFRICA,26,M
44448012,408,Sengwer,Kenya,AFRICA,27,M
44448014,408,Sengwer,Kenya,AFRICA,28,F
44448015,408,Sengwer,Kenya,AFRICA,29,M
44448024,408,Sengwer,Kenya,AFRICA,30,M
44448025,408,Sengwer,Kenya,AFRICA,31,M
44448027,408,Sengwer,Kenya,AFRICA,32,M
44448028,408,Sengwer,Kenya,AFRICA,33,M
44448030,408,Sengwer,Kenya,AFRICA,35,M
44448049,408,Sengwer,Kenya,AFRICA,36,M
44448055,408,Sengwer,Kenya,AFRICA,38,M
44448060,408,Sengwer,Kenya,AFRICA,39,M
44448063,408,Sengwer,Kenya,AFRICA,40,F
993,430,BantuSouthAfrica,SouthAfrica,AFRICA,127,M
994,430,BantuSouthAfrica,Lesotho,AFRICA,128,M
1028,430,BantuSouthAfrica,BotswanaOrNamibia,AFRICA,132,M
1030,430,BantuSouthAfrica,BotswanaOrNamibia,AFRICA,129,M
1031,430,BantuSouthAfrica,Angola,AFRICA,134,M
1033,430,BantuSouthAfrica,SouthAfrica,AFRICA,131,M
1034,430,BantuSouthAfrica,BotswanaOrNamibia,AFRICA,130,M
1035,430,BantuSouthAfrica,BotswanaOrNamibia,AFRICA,133,M
1405,441,BantuKenya,Kenya,AFRICA,107,M
1406,441,BantuKenya,Kenya,AFRICA,108,M
1408,441,BantuKenya,Kenya,AFRICA,110,M
1411,441,BantuKenya,Kenya,AFRICA,111,M
1412,441,BantuKenya,Kenya,AFRICA,112,M
1414,441,BantuKenya,Kenya,AFRICA,114,F
1415,441,BantuKenya,Kenya,AFRICA,115,M
1416,441,BantuKenya,Kenya,AFRICA,116,M
1417,441,BantuKenya,Kenya,AFRICA,117,M
1418,441,BantuKenya,Kenya,AFRICA,118,M
1419,441,BantuKenya,Kenya,AFRICA,119,M
904,464,Mandenka,Senegal,AFRICA,55,M
905,464,Mandenka,Senegal,AFRICA,56,M
906,464,Mandenka,Senegal,AFRICA,57,M
907,464,Mandenka,Senegal,AFRICA,58,M
908,464,Mandenka,Senegal,AFRICA,59,M
910,464,Mandenka,Senegal,AFRICA,61,F
911,464,Mandenka,Senegal,AFRICA,62,M
912,464,Mandenka,Senegal,AFRICA,63,M
913,464,Mandenka,Senegal,AFRICA,64,M
914,464,Mandenka,Senegal,AFRICA,65,F
915,464,Mandenka,Senegal,AFRICA,66,F
917,464,Mandenka,Senegal,AFRICA,68,F
918,464,Mandenka,Senegal,AFRICA,69,F
1199,464,Mandenka,Senegal,AFRICA,71,M
1200,464,Mandenka,Senegal,AFRICA,72,M
1201,464,Mandenka,Senegal,AFRICA,73,F
1202,464,Mandenka,Senegal,AFRICA,74,M
1283,464,Mandenka,Senegal,AFRICA,75,M
1284,464,Mandenka,Senegal,AFRICA,76,M
1285,464,Mandenka,Senegal,AFRICA,77,M
1286,464,Mandenka,Senegal,AFRICA,78,M
920,465,Yoruba,Nigeria,AFRICA,79,F
924,465,Yoruba,Nigeria,AFRICA,83,F
925,465,Yoruba,Nigeria,AFRICA,84,F
926,465,Yoruba,Nigeria,AFRICA,85,F
927,465,Yoruba,Nigeria,AFRICA,86,M
928,465,Yoruba,Nigeria,AFRICA,87,F
929,465,Yoruba,Nigeria,AFRICA,88,M
930,465,Yoruba,Nigeria,AFRICA,89,M
931,465,Yoruba,Nigeria,AFRICA,90,M
932,465,Yoruba,Nigeria,AFRICA,91,M
933,465,Yoruba,Nigeria,AFRICA,92,F
934,465,Yoruba,Nigeria,AFRICA,93,F
935,465,Yoruba,Nigeria,AFRICA,94,F
936,465,Yoruba,Nigeria,AFRICA,95,M
937,465,Yoruba,Nigeria,AFRICA,98,M
938,465,Yoruba,Nigeria,AFRICA,99,F
939,465,Yoruba,Nigeria,AFRICA,100,F
940,465,Yoruba,Nigeria,AFRICA,101,M
941,465,Yoruba,Nigeria,AFRICA,102,M
942,465,Yoruba,Nigeria,AFRICA,103,M
943,465,Yoruba,Nigeria,AFRICA,104,M
944,465,Yoruba,Nigeria,AFRICA,105,M
452,488,BiakaPygmy,CentralAfricanRepublic,AFRICA,16,M
453,488,BiakaPygmy,CentralAfricanRepublic,AFRICA,17,M
454,488,BiakaPygmy,CentralAfricanRepublic,AFRICA,18,M
455,488,BiakaPygmy,CentralAfricanRepublic,AFRICA,19,M
457,488,BiakaPygmy,CentralAfricanRepublic,AFRICA,20,M
458,488,BiakaPygmy,CentralAfricanRepublic,AFRICA,21,M
459,488,BiakaPygmy,CentralAfricanRepublic,AFRICA,22,M
460,488,BiakaPygmy,CentralAfricanRepublic,AFRICA,23,M
461,488,BiakaPygmy,CentralAfricanRepublic,AFRICA,3,M
464,488,BiakaPygmy,CentralAfricanRepublic,AFRICA,4,M
465,488,BiakaPygmy,CentralAfricanRepublic,AFRICA,5,M
466,488,BiakaPygmy,CentralAfricanRepublic,AFRICA,6,M
469,488,BiakaPygmy,CentralAfricanRepublic,AFRICA,7,M
470,488,BiakaPygmy,CentralAfricanRepublic,AFRICA,8,M
472,488,BiakaPygmy,CentralAfricanRepublic,AFRICA,9,M
473,488,BiakaPygmy,CentralAfricanRepublic,AFRICA,10,M
475,488,BiakaPygmy,CentralAfricanRepublic,AFRICA,11,M
479,488,BiakaPygmy,CentralAfricanRepublic,AFRICA,14,M
985,488,BiakaPygmy,CentralAfricanRepublic,AFRICA,26,M
986,488,BiakaPygmy,CentralAfricanRepublic,AFRICA,27,M
1086,488,BiakaPygmy,CentralAfricanRepublic,AFRICA,30,M
1090,488,BiakaPygmy,CentralAfricanRepublic,AFRICA,34,M
1094,488,BiakaPygmy,CentralAfricanRepublic,AFRICA,38,M
449,489,MbutiPygmy,Congo,AFRICA,39,M
450,489,MbutiPygmy,Congo,AFRICA,40,M
456,489,MbutiPygmy,Congo,AFRICA,41,M
462,489,MbutiPygmy,Congo,AFRICA,42,M
463,489,MbutiPygmy,Congo,AFRICA,43,M
467,489,MbutiPygmy,Congo,AFRICA,44,M
471,489,MbutiPygmy,Congo,AFRICA,46,F
474,489,MbutiPygmy,Congo,AFRICA,47,M
476,489,MbutiPygmy,Congo,AFRICA,48,F
982,489,MbutiPygmy,Congo,AFRICA,50,M
984,489,MbutiPygmy,Congo,AFRICA,52,M
1081,489,MbutiPygmy,Congo,AFRICA,53,M
987,494,San,Namibia,AFRICA,120,M
991,494,San,Namibia,AFRICA,122,M
992,494,San,Namibia,AFRICA,123,M
1029,494,San,Namibia,AFRICA,124,M
1032,494,San,Namibia,AFRICA,125,M
1036,494,San,Namibia,AFRICA,126,M
2420004,502,Bengali,India,CENTRAL_SOUTH_ASIA,161,M
2430008,502,Bengali,India,CENTRAL_SOUTH_ASIA,162,M
188000158,502,Bengali,India,CENTRAL_SOUTH_ASIA,163,F
159000256,502,Bengali,India,CENTRAL_SOUTH_ASIA,164,M
91000257,502,Bengali,India,CENTRAL_SOUTH_ASIA,165,M
103000258,502,Bengali,India,CENTRAL_SOUTH_ASIA,166,M
217000261,502,Bengali,India,CENTRAL_SOUTH_ASIA,167,M
95000264,502,Bengali,India,CENTRAL_SOUTH_ASIA,168,M
104000266,502,Bengali,India,CENTRAL_SOUTH_ASIA,169,M
206000267,502,Bengali,India,CENTRAL_SOUTH_ASIA,170,M
115000268,502,Bengali,India,CENTRAL_SOUTH_ASIA,171,M
22000271,502,Bengali,India,CENTRAL_SOUTH_ASIA,172,M
225000275,502,Bengali,India,CENTRAL_SOUTH_ASIA,173,F
200000278,502,Bengali,India,CENTRAL_SOUTH_ASIA,174,M
290000373,502,Bengali,India,CENTRAL_SOUTH_ASIA,175,M
1240006,515,Tamil,India,CENTRAL_SOUTH_ASIA,177,F
2640007,515,Tamil,India,CENTRAL_SOUTH_ASIA,178,F
108000115,515,Tamil,India,CENTRAL_SOUTH_ASIA,179,M
186000157,515,Tamil,India,CENTRAL_SOUTH_ASIA,180,F
82000163,515,Tamil,India,CENTRAL_SOUTH_ASIA,181,M
80000165,515,Tamil,India,CENTRAL_SOUTH_ASIA,182,F
80000171,515,Tamil,India,CENTRAL_SOUTH_ASIA,183,M
25000172,515,Tamil,India,CENTRAL_SOUTH_ASIA,184,F
25000173,515,Tamil,India,CENTRAL_SOUTH_ASIA,185,M
74000175,515,Tamil,India,CENTRAL_SOUTH_ASIA,186,M
74000176,515,Tamil,India,CENTRAL_SOUTH_ASIA,187,F
148000188,515,Tamil,India,CENTRAL_SOUTH_ASIA,188,F
4000228,515,Tamil,India,CENTRAL_SOUTH_ASIA,189,M
42000230,515,Tamil,India,CENTRAL_SOUTH_ASIA,190,F
160000276,515,Tamil,India,CENTRAL_SOUTH_ASIA,191,M
774,601,Han,China,EAST_ASIA,543,M
775,601,Han,China,EAST_ASIA,535,M
776,601,Han,China,EAST_ASIA,544,F
777,601,Han,China,EAST_ASIA,545,M
778,601,Han,China,EAST_ASIA,546,M
779,601,Han,China,EAST_ASIA,536,M
780,601,Han,China,EAST_ASIA,547,M
781,601,Han,China,EAST_ASIA,548,F
782,601,Han,China,EAST_ASIA,530,M
783,601,Han,China,EAST_ASIA,531,F
784,601,Han,China,EAST_ASIA,549,F
785,601,Han,China,EAST_ASIA,550,M
786,601,Han,China,EAST_ASIA,551,M
811,601,Han,China,EAST_ASIA,552,F
812,601,Han,China,EAST_ASIA,553,F
813,601,Han,China,EAST_ASIA,554,F
814,601,Han,China,EAST_ASIA,537,F
815,601,Han,China,EAST_ASIA,538,M
817,601,Han,China,EAST_ASIA,555,F
818,601,Han,China,EAST_ASIA,539,F
819,601,Han,China,EAST_ASIA,556,M
820,601,Han,China,EAST_ASIA,557,F
821,601,Han,China,EAST_ASIA,558,M
822,601,Han,China,EAST_ASIA,559,M
971,601,Han,China,EAST_ASIA,532,M
972,601,Han,China,EAST_ASIA,560,F
973,601,Han,China,EAST_ASIA,533,M
974,601,Han,China,EAST_ASIA,540,F
975,601,Han,China,EAST_ASIA,561,F
976,601,Han,China,EAST_ASIA,562,F
977,601,Han,China,EAST_ASIA,563,M
1021,601,Han,China,EAST_ASIA,534,F
1023,601,Han,China,EAST_ASIA,541,F
1024,601,Han,China,EAST_ASIA,542,F
1287,602,Han-NChina,China,EAST_ASIA,565,F
1288,602,Han-NChina,China,EAST_ASIA,566,M
1289,602,Han-NChina,China,EAST_ASIA,567,M
1290,602,Han-NChina,China,EAST_ASIA,568,M
1291,602,Han-NChina,China,EAST_ASIA,569,F
1292,602,Han-NChina,China,EAST_ASIA,570,M
1293,602,Han-NChina,China,EAST_ASIA,571,M
1294,602,Han-NChina,China,EAST_ASIA,572,M
1295,602,Han-NChina,China,EAST_ASIA,573,M
1296,602,Han-NChina,China,EAST_ASIA,574,M
1307,606,Dai,China,EAST_ASIA,668,M
1308,606,Dai,China,EAST_ASIA,669,M
1309,606,Dai,China,EAST_ASIA,670,M
1310,606,Dai,China,EAST_ASIA,671,M
1311,606,Dai,China,EAST_ASIA,672,M
1312,606,Dai,China,EAST_ASIA,674,M
1313,606,Dai,China,EAST_ASIA,675,M
1314,606,Dai,China,EAST_ASIA,676,F
1315,606,Dai,China,EAST_ASIA,677,F
1316,606,Dai,China,EAST_ASIA,678,F
1213,607,Daur,China,EAST_ASIA,618,M
1214,607,Daur,China,EAST_ASIA,619,M
1215,607,Daur,China,EAST_ASIA,620,F
1216,607,Daur,China,EAST_ASIA,621,M
1217,607,Daur,China,EAST_ASIA,622,M
1218,607,Daur,China,EAST_ASIA,623,M
1219,607,Daur,China,EAST_ASIA,624,F
1220,607,Daur,China,EAST_ASIA,625,M
1221,607,Daur,China,EAST_ASIA,626,M
1222,607,Daur,China,EAST_ASIA,627,F
1233,608,Hezhen,China,EAST_ASIA,638,M
1234,608,Hezhen,China,EAST_ASIA,639,F
1236,608,Hezhen,China,EAST_ASIA,641,M
1237,608,Hezhen,China,EAST_ASIA,642,M
1238,608,Hezhen,China,EAST_ASIA,643,F
1239,608,Hezhen,China,EAST_ASIA,644,M
1240,608,Hezhen,China,EAST_ASIA,645,M
1241,608,Hezhen,China,EAST_ASIA,646,M
1242,608,Hezhen,China,EAST_ASIA,647,F
1317,611,Lahu,China,EAST_ASIA,679,M
1318,611,Lahu,China,EAST_ASIA,680,M
1319,611,Lahu,China,EAST_ASIA,681,M
1320,611,Lahu,China,EAST_ASIA,682,M
1321,611,Lahu,China,EAST_ASIA,683,M
1322,611,Lahu,China,EAST_ASIA,684,M
1323,611,Lahu,China,EAST_ASIA,686,F
1326,611,Lahu,China,EAST_ASIA,689,M
1189,612,Miao,China,EAST_ASIA,597,M
1190,612,Miao,China,EAST_ASIA,598,M
1191,612,Miao,China,EAST_ASIA,599,M
1192,612,Miao,China,EAST_ASIA,600,M
1193,612,Miao,China,EAST_ASIA,601,M
1194,612,Miao,China,EAST_ASIA,602,M
1195,612,Miao,China,EAST_ASIA,603,M
1196,612,Miao,China,EAST_ASIA,604,F
1197,612,Miao,China,EAST_ASIA,605,F
1198,612,Miao,China,EAST_ASIA,606,F
1203,613,Oroqen,China,EAST_ASIA,608,M
1204,613,Oroqen,China,EAST_ASIA,609,M
1205,613,Oroqen,China,EAST_ASIA,610,M
1206,613,Oroqen,China,EAST_ASIA,611,M
1207,613,Oroqen,China,EAST_ASIA,612,M
1208,613,Oroqen,China,EAST_ASIA,613,M
1209,613,Oroqen,China,EAST_ASIA,614,F
1211,613,Oroqen,China,EAST_ASIA,616,F
1212,613,Oroqen,China,EAST_ASIA,617,F
1327,615,She,China,EAST_ASIA,690,M
1328,615,She,China,EAST_ASIA,691,M
1329,615,She,China,EAST_ASIA,692,M
1330,615,She,China,EAST_ASIA,693,M
1331,615,She,China,EAST_ASIA,694,M
1332,615,She,China,EAST_ASIA,695,M
1333,615,She,China,EAST_ASIA,696,M
1334,615,She,China,EAST_ASIA,697,F
1335,615,She,China,EAST_ASIA,698,F
1336,615,She,China,EAST_ASIA,699,F
1095,616,Tujia,China,EAST_ASIA,575,M
1096,616,Tujia,China,EAST_ASIA,576,M
1097,616,Tujia,China,EAST_ASIA,578,M
1098,616,Tujia,China,EAST_ASIA,579,F
1099,616,Tujia,China,EAST_ASIA,580,M
1100,616,Tujia,China,EAST_ASIA,581,M
1101,616,Tujia,China,EAST_ASIA,582,M
1102,616,Tujia,China,EAST_ASIA,583,M
1103,616,Tujia,China,EAST_ASIA,584,M
1104,616,Tujia,China,EAST_ASIA,585,M
1347,617,Tu,China,EAST_ASIA,710,M
1348,617,Tu,China,EAST_ASIA,711,M
1349,617,Tu,China,EAST_ASIA,712,M
1350,617,Tu,China,EAST_ASIA,713,M
1351,617,Tu,China,EAST_ASIA,714,M
1352,617,Tu,China,EAST_ASIA,715,M
1353,617,Tu,China,EAST_ASIA,716,M
1354,617,Tu,China,EAST_ASIA,717,F
1355,617,Tu,China,EAST_ASIA,718,F
1356,617,Tu,China,EAST_ASIA,719,F
1243,618,Xibo,China,EAST_ASIA,648,M
1244,618,Xibo,China,EAST_ASIA,649,M
1245,618,Xibo,China,EAST_ASIA,650,M
1246,618,Xibo,China,EAST_ASIA,651,M
1247,618,Xibo,China,EAST_ASIA,652,M
1248,618,Xibo,China,EAST_ASIA,653,M
1249,618,Xibo,China,EAST_ASIA,654,M
1250,618,Xibo,China,EAST_ASIA,655,M
1251,618,Xibo,China,EAST_ASIA,656,F
1179,619,Yi,China,EAST_ASIA,586,M
1180,619,Yi,China,EAST_ASIA,587,M
1181,619,Yi,China,EAST_ASIA,588,M
1182,619,Yi,China,EAST_ASIA,590,M
1183,619,Yi,China,EAST_ASIA,591,M
1184,619,Yi,China,EAST_ASIA,592,M
1185,619,Yi,China,EAST_ASIA,593,M
1186,619,Yi,China,EAST_ASIA,594,M
1187,619,Yi,China,EAST_ASIA,595,M
1188,619,Yi,China,EAST_ASIA,596,F
1223,622,Mongola,China,EAST_ASIA,628,F
1224,622,Mongola,China,EAST_ASIA,629,M
1225,622,Mongola,China,EAST_ASIA,630,M
1226,622,Mongola,China,EAST_ASIA,631,M
1227,622,Mongola,China,EAST_ASIA,632,M
1228,622,Mongola,China,EAST_ASIA,633,M
1229,622,Mongola,China,EAST_ASIA,634,M
1230,622,Mongola,China,EAST_ASIA,635,M
1231,622,Mongola,China,EAST_ASIA,636,F
1232,622,Mongola,China,EAST_ASIA,637,F
1337,625,Naxi,China,EAST_ASIA,700,M
1338,625,Naxi,China,EAST_ASIA,701,M
1339,625,Naxi,China,EAST_ASIA,702,M
1340,625,Naxi,China,EAST_ASIA,703,M
1341,625,Naxi,China,EAST_ASIA,704,M
1342,625,Naxi,China,EAST_ASIA,705,M
1345,625,Naxi,China,EAST_ASIA,708,F
1346,625,Naxi,China,EAST_ASIA,709,F
1297,629,Uygur,China,CENTRAL_SOUTH_ASIA,658,M
1298,629,Uygur,China,CENTRAL_SOUTH_ASIA,659,M
1299,629,Uygur,China,CENTRAL_SOUTH_ASIA,660,M
1300,629,Uygur,China,CENTRAL_SOUTH_ASIA,661,M
1301,629,Uygur,China,CENTRAL_SOUTH_ASIA,662,M
1302,629,Uygur,China,CENTRAL_SOUTH_ASIA,663,M
1303,629,Uygur,China,CENTRAL_SOUTH_ASIA,664,M
1304,629,Uygur,China,CENTRAL_SOUTH_ASIA,665,M
1305,629,Uygur,China,CENTRAL_SOUTH_ASIA,666,F
1306,629,Uygur,China,CENTRAL_SOUTH_ASIA,667,F
711,677,Cambodian,Cambodia,EAST_ASIA,780,M
712,677,Cambodian,Cambodia,EAST_ASIA,782,F
713,677,Cambodian,Cambodia,EAST_ASIA,783,F
714,677,Cambodian,Cambodia,EAST_ASIA,784,M
715,677,Cambodian,Cambodia,EAST_ASIA,785,M
719,677,Cambodian,Cambodia,EAST_ASIA,789,F
720,677,Cambodian,Cambodia,EAST_ASIA,790,M
721,677,Cambodian,Cambodia,EAST_ASIA,791,F
747,684,Japanese,Japan,EAST_ASIA,746,M
748,684,Japanese,Japan,EAST_ASIA,747,M
749,684,Japanese,Japan,EAST_ASIA,748,M
750,684,Japanese,Japan,EAST_ASIA,749,M
751,684,Japanese,Japan,EAST_ASIA,750,M
752,684,Japanese,Japan,EAST_ASIA,751,M
753,684,Japanese,Japan,EAST_ASIA,752,M
754,684,Japanese,Japan,EAST_ASIA,753,F
755,684,Japanese,Japan,EAST_ASIA,754,M
756,684,Japanese,Japan,EAST_ASIA,755,F
757,684,Japanese,Japan,EAST_ASIA,756,M
758,684,Japanese,Japan,EAST_ASIA,757,M
759,684,Japanese,Japan,EAST_ASIA,758,M
760,684,Japanese,Japan,EAST_ASIA,759,F
761,684,Japanese,Japan,EAST_ASIA,760,F
762,684,Japanese,Japan,EAST_ASIA,761,M
763,684,Japanese,Japan,EAST_ASIA,762,M
764,684,Japanese,Japan,EAST_ASIA,763,M
765,684,Japanese,Japan,EAST_ASIA,764,F
766,684,Japanese,Japan,EAST_ASIA,765,M
767,684,Japanese,Japan,EAST_ASIA,766,M
768,684,Japanese,Japan,EAST_ASIA,768,M
769,684,Japanese,Japan,EAST_ASIA,770,M
771,684,Japanese,Japan,EAST_ASIA,772,F
772,684,Japanese,Japan,EAST_ASIA,773,F
773,684,Japanese,Japan,EAST_ASIA,774,F
790,684,Japanese,Japan,EAST_ASIA,775,M
791,684,Japanese,Japan,EAST_ASIA,776,M
828,684,Japanese,Japan,EAST_ASIA,777,M
945,699,Yakut,Siberia,EAST_ASIA,721,M
946,699,Yakut,Siberia,EAST_ASIA,722,M
947,699,Yakut,Siberia,EAST_ASIA,723,M
948,699,Yakut,Siberia,EAST_ASIA,724,M
949,699,Yakut,Siberia,EAST_ASIA,725,M
950,699,Yakut,Siberia,EAST_ASIA,726,M
951,699,Yakut,Siberia,EAST_ASIA,727,M
952,699,Yakut,Siberia,EAST_ASIA,728,M
953,699,Yakut,Siberia,EAST_ASIA,729,M
954,699,Yakut,Siberia,EAST_ASIA,730,M
955,699,Yakut,Siberia,EAST_ASIA,731,F
956,699,Yakut,Siberia,EAST_ASIA,732,F
957,699,Yakut,Siberia,EAST_ASIA,733,F
958,699,Yakut,Siberia,EAST_ASIA,734,M
959,699,Yakut,Siberia,EAST_ASIA,735,F
960,699,Yakut,Siberia,EAST_ASIA,736,M
961,699,Yakut,Siberia,EAST_ASIA,737,M
962,699,Yakut,Siberia,EAST_ASIA,738,M
963,699,Yakut,Siberia,EAST_ASIA,739,F
964,699,Yakut,Siberia,EAST_ASIA,740,M
965,699,Yakut,Siberia,EAST_ASIA,741,M
966,699,Yakut,Siberia,EAST_ASIA,742,F
967,699,Yakut,Siberia,EAST_ASIA,743,F
968,699,Yakut,Siberia,EAST_ASIA,744,M
969,699,Yakut,Siberia,EAST_ASIA,745,M
